{"data": [{"instant": 1, "dteday": "2013-01-01 00:00:00,000000", "season": 1, "yr": 0, "mnth": 1, "hr": 3, "holiday": 0, "weekday": 6, "workingday": 0, "weathersit": 2, "temp": 0.344167, "atemp": 0.363625, "hum": 0.805833, "windspeed": 0.160446, "casual": 331, "registered": 654}]}